Text,Sentiment
Highly disappointed and frustrated.,Negative
The app runs smoothly and fast.,Positive
Very poor customer support.,Negative
Great design and very comfortable.,Positive
The design is simple and minimal.,Neutral
The movie was neither good nor bad.,Neutral
Worst experience I’ve ever had.,Negative
Mediocre experience overall.,Neutral
The new update is fantastic!,Positive
Mediocre experience overall.,Neutral
"Okay product, not amazing.",Neutral
The worst service I have encountered.,Negative
Everything worked perfectly.,Positive
"Neutral opinion, no strong feelings.",Neutral
It stopped working after one day.,Negative
The new update is fantastic!,Positive
"Neutral opinion, no strong feelings.",Neutral
It meets the basic expectations.,Neutral
Everything exceeded my expectations.,Positive
It’s just alright.,Neutral
The ambiance was lovely and peaceful.,Positive
Completely useless and waste of money.,Negative
Completely useless and waste of money.,Negative
Very rude staff and bad behavior.,Negative
I hate the new update.,Negative
I’m so happy with my purchase.,Positive
Really enjoyed the experience.,Positive
Great job by the support team!,Positive
The app keeps crashing every time.,Negative
Completely useless and waste of money.,Negative
The food was terrible and cold.,Negative
It’s fine for the price.,Neutral
The movie was neither good nor bad.,Neutral
The new update is fantastic!,Positive
It’s just alright.,Neutral
The update didn’t change much.,Neutral
Very poor customer support.,Negative
The new update is fantastic!,Positive
The movie was neither good nor bad.,Neutral
The food was terrible and cold.,Negative
It works as it should.,Neutral
The food was terrible and cold.,Negative
The app does its job.,Neutral
Everything worked perfectly.,Positive
Very poor customer support.,Negative
Everything worked perfectly.,Positive
Absolutely perfect! Couldn’t be happier.,Positive
Not worth the price at all.,Negative
Totally worth the money.,Positive
I hate the new update.,Negative
Loved the taste and presentation.,Positive
I’m so happy with my purchase.,Positive
Really enjoyed the experience.,Positive
The movie was neither good nor bad.,Neutral
It works as it should.,Neutral
The ambiance was lovely and peaceful.,Positive
Everything exceeded my expectations.,Positive
The new update is fantastic!,Positive
Great design and very comfortable.,Positive
It’s fine for the price.,Neutral
"Okay product, not amazing.",Neutral
Mediocre experience overall.,Neutral
The movie was neither good nor bad.,Neutral
The app does its job.,Neutral
Excellent quality for the price.,Positive
"It was okay, nothing special.",Neutral
It was full of bugs and errors.,Negative
Great design and very comfortable.,Positive
It’s just alright.,Neutral
Loved the taste and presentation.,Positive
I’m really disappointed with the service.,Negative
I regret buying this product.,Negative
The movie was neither good nor bad.,Neutral
Highly disappointed and frustrated.,Negative
I regret buying this product.,Negative
It stopped working after one day.,Negative
Great job by the support team!,Positive
It works as it should.,Neutral
I hate the new update.,Negative
I regret buying this product.,Negative
Expected a bit more but it’s fine.,Neutral
It performs as described.,Neutral
I’m really disappointed with the service.,Negative
Loved the taste and presentation.,Positive
Really enjoyed the experience.,Positive
The service was outstanding.,Positive
"It was okay, nothing special.",Neutral
Absolutely perfect! Couldn’t be happier.,Positive
Not worth the price at all.,Negative
The service was outstanding.,Positive
The service was outstanding.,Positive
Completely useless and waste of money.,Negative
Great job by the support team!,Positive
I feel great after using it.,Positive
The delivery was extremely late.,Negative
Completely useless and waste of money.,Negative
Everything worked perfectly.,Positive
It’s fine for the price.,Neutral
It meets the basic expectations.,Neutral
Absolutely perfect! Couldn’t be happier.,Positive
The food was terrible and cold.,Negative
It’s one of the best products I’ve used.,Positive
I absolutely loved the movie!,Positive
The design is simple and minimal.,Neutral
It performs as described.,Neutral
I feel great after using it.,Positive
It was full of bugs and errors.,Negative
Very rude staff and bad behavior.,Negative
Just an ordinary experience.,Neutral
I’m really disappointed with the service.,Negative
